"repoName","repoLink","repoDescription","repoAuthor","repoAuthorLink","watchersCount","isInactive","isArchived"
"chakra-ui","https://github.com/chakra-ui/chakra-ui","Simple, modular and accessible component library for React applications. ","@thesegunadebayo","https://twitter.com/thesegunadebayo",37925,false,false
"Markdown Badges","https://github.com/Ileriayo/markdown-badges","
","@ileriayooo","https://twitter.com/ileriayooo",13539,false,false
"Buzz","https://github.com/chidiwilliams/buzz","Buzz transcribes audio from your computer's microphones to text using OpenAI's Whisper. ","@chidiwilliams_","https://twitter.com/@chidiwilliams_",12546,false,false
"ImageAI","https://github.com/OlafenwaMoses/ImageAI","A python library built to empower developers to build applications and systems with self-contained Computer Vision capabilities. ","@OlafenwaMoses","https://twitter.com/OlafenwaMoses",8634,false,false
"Altair","https://github.com/altair-graphql/altair","A sleek graphQL client app for querying GraphQL servers, like Postman for graphQL. It also comes as a Chrome extension. ","@imolorhe","https://twitter.com/imolorhe",5138,false,false
"danfojs","https://github.com/javascriptdata/danfojs","Danfo.js is an open source, JavaScript library providing high performance, intuitive, and easy to use data structures for manipulating and processing structured data. ","@risingodegua@steveoni","https://twitter.com/risingodegua",4799,false,false
"zag","https://github.com/chakra-ui/zag","Finite state machines for building accessible design systems and UI components. ","@thesegunadebayo","https://twitter.com/thesegunadebayo",4062,false,false
"Magic Grid","https://github.com/e-oj/Magic-Grid","
","@e-oj","https://e-oj.com",3143,false,false
"IGdm","https://github.com/ifedapoolarewaju/igdm","Multi-platform Desktop application for INSTAGRAM DMs. ","@ifedapolarewaju","https://twitter.com/ifedapolarewaju",1960,false,false
"iShell","https://github.com/abiosoft/ishell","Library for creating interactive CLI applications with Go. ","@abiosoft","https://twitter.com/abiosoft",1694,false,false
"Laravel Hackathon Starter","https://github.com/unicodeveloper/laravel-hackathon-starter","A hackathon/MVP boilerplate for laravel web applications. Start your hackathons without hassle. ","@unicodeveloper","https://twitter.com/unicodeveloper",1639,false,false
"Composer-git-hook","https://github.com/BrainMaestro/composer-git-hooks","Easily manage git hooks in your composer config. ","@BrainMaestro","https://twitter.com/BrainMaestro",1051,false,false
"Time","https://github.com/kizitonwose/Time","Type-safe time calculations in Kotlin, powered by generics. ","@kizitonwose","https://github.com/kizitonwose",975,false,false
"PyFCM","https://github.com/olucurious/PyFCM","Python client for FCM - Firebase Cloud Messaging (Android & iOS). ","@olucurious","https://twitter.com/olucurious",805,false,false
"Bob","https://github.com/stephenafamo/bob","SQL Query Builder for Go that can be progressively adopted from raw SQL query strings, to fully typed queries and models generated for your database. ","@stephenafamo","https://twitter.com/stephenafamo",793,false,false
"WatchDog","https://github.com/IzyPro/WatchDog","WatchDog is a Realtime HTTP (Request & Response) and Exception logger and viewer for ASP.Net Core Web Apps and APIs. ","@IzyPro_","https://twitter.com/IzyPro_",779,false,false
"caddy-docker","https://github.com/abiosoft/caddy-docker","Docker image for Caddy web server. ","@abiosoft","https://twitter.com/abiosoft",771,false,false
"Slideview","https://github.com/MAXDeliveryNG/slideview","An awesome sliding button library for Android. ","@kizitonwose","https://twitter.com/kizitonwose",732,true,false
"DownloadThisVideo","https://github.com/shalvah/DownloadThisVideo","Twitter bot for easily downloading videos/GIFs off tweets. ","@theshalvah","https://twitter.com/theshalvah",664,false,true
"STX","https://github.com/lamarrr/STX","C++17 & C++ 20 error-handling an utility. ","@basit_ayantunde","https://twitter.com/basit_ayantunde",630,false,false
"Laravel Paystack","https://github.com/unicodeveloper/laravel-paystack","Laravel 5 Paystack Package. ","@unicodeveloper","https://twitter.com/unicodeveloper",615,false,false
"ClassroomIO","https://github.com/rotimi-best/classroomio","Meet a better collaboration tool for teachers and students. ClassroomIO is a no-code tool that allows you build and scale your own teaching platform with ease. ","@rotimi-best","https://twitter.com/rotimi-best",604,false,false
"TenseiJS","https://github.com/tenseijs/tensei","Content management and distribution with a touch of elegance. ","@bahdcoder","https://twitter.com/bahdcoder",570,false,false
"TransformersPHP","https://github.com/CodeWithKyrian/transformers-php","A toolkit for PHP developers to run state-of-the-art pretrained machine-learning models locally in PHP. ","@CodeWithKyrian","https://twitter.com/CodeWithKyrian",555,false,false
"MobileVisionBarcodeScanner","https://github.com/KingsMentor/MobileVisionBarcodeScanner","
","@kingsmentor","https://twitter.com/kingsment",539,false,false
"CountryPickerView","https://github.com/kizitonwose/CountryPickerView","A simple, customizable view for efficiently collecting country information in iOS apps. ","@kizitonwose","https://github.com/kizitonwose/CountryPickerView",505,false,false
"Mini-Inventory-and-Sales-Management-System","https://github.com/amirsanni/Mini-Inventory-and-Sales-Management-System","
","@amirsanni","https://twitter.com/amirsanni",503,false,false
"Fastapi-mongo","https://github.com/Youngestdev/fastapi-mongo","Template for building FastAPI applications with MongoDB. ","@kvng_zeez","http://twitter.com/kvng_zeez",497,false,false
"Fawn","https://github.com/e-oj/Fawn","A library for multi-document transactions in MongoDB via two-phase commits. ","@e-oj","https://e-oj.com",486,false,false
"Search Engine Parser","https://github.com/bisohns/search-engine-parser","Lightweight package to query popular search engines and scrape for result titles, links and descriptions. ","@_deven96@iamMensaah","https://twitter.com/_deven96",457,false,false
"Yorlang","https://github.com/anoniscoding/yorlang","A programming language with Yoruba language construct. ","@anoniscoding","https://twitter.com/anoniscoding",450,true,false
"Meethub","https://github.com/iyanuashiri/meethub","
","@iyanuashiri","https://github.com/iyanuashiri",441,true,false
"Laravel Password","https://github.com/unicodeveloper/laravel-password","Guard your users against entering dumb passwords in your Laravel 5 apps. ","@unicodeveloper","https://twitter.com/unicodeveloper",427,false,false
"RemindMeOfThisTweet","https://github.com/shalvah/RemindMeOfThisTweet","Twitter bot to set reminders for tweets. ","@theshalvah","https://twitter.com/theshalvah",418,false,true
"VSCode Material Palenight Theme","https://github.com/whizkydee/vscode-material-palenight-theme","üçπüé® An elegant and juicy material-like theme for Visual Studio Code. ","@mrolaolu","https://twitter.com/mrolaolu",400,false,false
"VSCode One Monokai","https://github.com/azemoh/vscode-one-monokai","Beautiful dark theme for Visual Studio Code Editor. ","@azemoh","https://twitter.com/josh_azemoh",370,false,false
"FormHack","https://github.com/ireade/formhack","A hackable css form reset. ","@ireaderinokun","https://twitter.com/ireaderinokun",341,false,false
"DevDb","https://github.com/damms005/devdb-vscode","A zero-config VS Code extension that auto-loads your database and displays the data right inside VS Code. ","@_damms005","https://twitter.com/_damms005",333,false,false
"Caniuse-embed","https://github.com/ireade/caniuse-embed","The (unofficial) embed for caniuse. ","@ireaderinokun","https://twitter.com/ireaderinokun",330,false,false
"Kanary","https://github.com/SeunAdelekan/Kanary","A minimalistüî¨ Kotlin web framework for buildingüî©‚öô scalableüìà and expressiveüé® RESTful APIs. ","@IyanuAdelekan","https://twitter.com/IyanuAdelekan",328,false,false
"Alix","https://github.com/ireade/alix","Alix, a Chrome extension for a11y.css. ","@ireaderinokun","https://twitter.com/ireaderinokun",325,true,false
"Inlinetweetjs","https://github.com/ireade/inlinetweetjs","InlineTweet.js allows you to easily create tweetable links out of any text on a webpage. ","@ireaderinokun","https://twitter.com/ireaderinokun",314,true,false
"Gophie","https://github.com/Go-phie/gophie","A CLI written in golang for scraping movie download links and bypassing ads. ","@GophieTeam","https://twitter.com/GophieTeam",305,false,false
"Grabity","https://github.com/e-oj/grabity","Get preview data from a link. ","@e-oj","https://github.com/e-oj",291,true,false
"eth-vue","https://github.com/DOkwufulueze/eth-vue","A Vue.js boilerplate for Ethereum Apps, built on Truffle. Authentication functionalities included. ","@DOkwufulueze","https://twitter.com/DOkwufulueze",243,false,false
"Video-Call-App","https://github.com/amirsanni/Video-Call-App","A text, audio and video chat application built with webRTC and Ratchet (PHP WebSockets). ","@amirsanni","https://twitter.com/amirsanni",230,false,false
"Icicle","https://github.com/segunfamisa/icicle","An annotation based tool for saving and restoring instance states. ","@segunfamisa","https://twitter.com/segunfamisa",226,true,false
"R3con1z3r","https://github.com/abdulgaphy/r3con1z3r","A lightweight Web information gathering tool with an intuitive features written in python. it provides a powerful environment in which open source intelligence (OSINT) web-based footprinting can be conducted quickly and thoroughly. ","@mrgaphy","https://twitter.com/mrgaphy",225,true,false
"Article Idea Generator","https://github.com/Olanetsoft/article-idea-generator","This simple tool generates article ideas and abstract drafts for your blog or website. It's a great way to get started with your content marketing strategy. ","@olanetsoft","https://twitter.com/olanetsoft",208,false,false
"Laravel Emoji","https://github.com/unicodeveloper/laravel-emoji","Laravel 5 Package that harnesses the power of PHP 7 Unicode features to provide emojis in your laravel app. ","@unicodeveloper","https://twitter.com/unicodeveloper",208,true,false
"caddy-git","https://github.com/abiosoft/caddy-git","Git plugin for Caddy web server. ","@abiosoft","https://twitter.com/abiosoft",204,true,false
"Toast.js","https://github.com/ireade/Toast.js","A library for Toast messages. **By ","",,194,false,false
"Laravel Identify","https://github.com/unicodeveloper/laravel-identify","Laravel 5 Package to Detect Users' Browsers, Devices, Languages and Operating Systems. ","@unicodeveloper","https://twitter.com/unicodeveloper",191,true,false
"Early Access","https://github.com/neoighodaro/laravel-early-access","This package makes it easy to add early access mode to your existing application. ","@neoighodaro","https://twitter.com/neoighodaro",178,false,false
"Laravel Exam","https://github.com/unicodeveloper/laravel-exam","A Laravel exam with questions from beginner to expert curated. ","@unicodeveloper","https://twitter.com/unicodeveloper",178,true,false
"ip-num","https://github.com/ip-num/ip-num","ip-num is a TypeScript library for working with IP Resources(ASN, IPV4, IPV6). ","@dadepo","https://twitter.com/dadepo",169,false,false
"react-autocomplete-hint","https://github.com/ejmudi/react-autocomplete-hint","A React component for Autocomplete Hint. ","@ejmudi","https://twitter.com/ejmudi",164,false,false
"B√†ng√°JS","https://github.com/bangajs/banga-cli","A CLI generator for bootstrapping ExpressJS applications and generating application layer files. ","@saucecodee","https://twitter.com/saucecodee",157,false,false
"Gulp-Email-Workflow","https://github.com/ireade/gulp-email-workflow","A Gulp workflow for building HTML emails. ","@ireaderinokun","https://twitter.com/ireaderinokun",157,true,false
"React Native paystack webview","https://github.com/just1and0/React-Native-Paystack-WebView","React Native paystack sdk. ","@just1and0","https://twitter.com/just1and0",157,false,false
"Datasist","https://github.com/risenW/datasist","Python library for easy data analysis, visualization, exploration and modeling. ","@risingodegua","https://twitter.com/risingodegua",156,false,false
"Orchestra","https://github.com/stephenafamo/orchestra","Orchestra is a library to manage long running go processes. ","@stephenafamo","https://twitter.com/stephenafamo",152,false,false
"Blackmaria","https://github.com/Smyja/blackmaria","A Python package for webscraping in Natural language. ","@ogbonigwe1","https://twitter.com/ogbonigwe1",151,false,false
"SlidingSquaresLoader","https://github.com/biodunalfet/SlidingSquaresLoader","A simple progress loader. ","@biodunalfet","https://twitter.com/biodunalfet",149,true,false
"Paystack wrapper","https://github.com/kehers/paystack","Nodejs API wrapper for Paystack. ","@kehers","https://twitter.com/kehers",148,true,false
"Face-detector","https://github.com/moyheen/face-detector","An application containing all the code from the article on the FaceDetector API. ","@moyheen","https://twitter.com/moyheen",139,true,false
"Dockward","https://github.com/abiosoft/dockward","Port forwarding tool for Docker containers. ","@abiosoft","https://twitter.com/abiosoft",137,true,false
"stacks","https://github.com/nerdeveloper/stacks","A tool for setting up your stack quickly for Local development, on-prem and Bare metal servers. ","@nerdeveloper","https://github.com/nerdeveloper",135,false,false
"ExpressWebJs","https://github.com/Alexigbokwe/ExpressWebJs","ExpressWebJs is a NodeJS FrameWork with expressive and organised syntax that runs on all major operating systems. It provides the starting point for creating your node project, allowing you to focus more on developing your amazing solution. ","@EmekaIgbokwe","https://twitter.com/emekaigbokwe",134,false,false
"Vue Simple ACL","https://github.com/victorybiz/vue-simple-acl","A simple unopinionated Vue plugin for managing user roles and permissions, access-control list (ACL) and role-based access control (RBAC). ","@victoryosayi","https://twitter.com/victoryosayi",134,false,false
"Laravel Simple Select","https://github.com/victorybiz/laravel-simple-select","Laravel Simple Select inputs component for Blade and Livewire. ","@victoryosayi","https://twitter.com/victoryosayi",131,false,false
"Nojs","https://github.com/ifedapoolarewaju/nojs","Library that helps minimize js you have to write. ","@ifedapolarewaju","https://twitter.com/ifedapolarewaju",131,false,false
"Ratio","https://github.com/theratioproject/simple","The Simple Intelligent and Modular Programming Language and Environment. ","@iamthecarisma","https://www.twitter.com/iamthecarisma",126,false,true
"Goldmark PDF","https://github.com/stephenafamo/goldmark-pdf","A PDF renderer for the Go goldmark markdown parser. ","@stephenafamo","https://twitter.com/stephenafamo",123,false,false
"Keygen","https://github.com/gladchinda/keygen-php","A fluent PHP random key generator. ","@gladchinda","https://twitter.com/gladchinda",118,true,false
"Vue 3 OTP Input","https://github.com/ejirocodes/vue3-otp-input","üêó A fully customizable OTP input component built with Vue 3.x. ","@ejirocodes","https://twitter.com/ejirocodes",116,false,false
"VSCode NestsJs Snippets","https://github.com/ashinzekene/vscode-nestjs-snippets","A VScode extension for adding snippets for your ","@ashinzekene","https://twitter.com/ashinzekene",109,false,false
"ShelfView","https://github.com/tdscientist/ShelfView","Android Library to display books on shelf ","@tdscientist","https://twitter.com/tdscientist",102,true,false
"Support-ticket","https://github.com/ammezie/support-ticket","A support ticket application in Laravel. ","@ammezie","https://twitter.com/ammezie",102,true,false
"Web3terms","https://github.com/Olanetsoft/web3terms","A Twitter bot explaining and simplifying web3 terms to everyone. ","@olanetsoft","https://twitter.com/olanetsoft",99,false,false
"Whatsticker","https://github.com/deven96/whatsticker","Automatically turn images/videos into stickers by using a caption. ","@deven96","https://twitter.com/_deven96",98,false,false
"Whatsticker","https://github.com/deven96/whatsticker","Automatically turn images/videos into stickers by using a caption. ","@deven96","https://twitter.com/_deven96",98,false,false
"WordPress Persist Admin Notices Dismissal","https://github.com/collizo4sky/persist-admin-notices-dismissal","Simple plugin that persists dismissal of admin notices across pages in WordPress dashboard. ","@w3guy","https://twitter.com/w3guy",90,false,false
"Laravel-PDF-Viewer","https://github.com/goodnesskay/LARAVEL-PDF-VIEWER","A Laravel Package for viewing PDF files or documents on the web without leaving your Web Application. ","@goodnesskay","https://twitter.com/goodnesskayode",89,true,false
"react-webpack-starter","https://github.com/temilaj/react-webpack-starter","A boiler plate for creating react applications bundled by webpack (using ES6, Babel, SASS and the webpack development server). ","@temilaj","https://twitter.com/temilaj",88,true,false
"Quicksi CLI","https://github.com/AnayoOleru/quicksi","A command-line bot tool that contains reuseable templates in different languages, frameworks and libraries designed to make it easy for developers to start projects without having to worry about the setup. ","@AnayoOleru","https://twitter.com/AnayoOleru",86,false,false
"Display Medium Posts","https://github.com/acekyd/display-medium-posts","Display Medium Posts is a WordPress plugin that allows users display posts from medium.com on any part of their website. Available on the WordPress store. ","@acekyd","https://twitter.com/ace_kyd",84,false,false
"Mui-data-table","https://github.com/andela-cdaniel/mui-data-table","
","@AustinSwaggz","https://twitter.com/AustinSwaggz",82,false,true
"PackageHub","https://github.com/BrainMaestro/packagehub","An extension for displaying dependencies for many package managers on GitHub. ","@BrainMaestro","https://twitter.com/BrainMaestro",80,true,false
"sails-hook-swagger-generator","https://github.com/theo4u/sails-hook-swagger-generator","A tool to help generate Swagger specification documentation for Sails APIs ","@theo4me","https://twitter.com/theo4me",78,false,false
"koii","https://github.com/BolajiOlajide/koii","A simple middleware to display routes in an express application. ","@Bolaji___","https://twitter.com/Bolaji___",76,false,false
"flargd","https://github.com/pmbanugo/flargd","A fast & minimalist feature flag app that runs on Clouflare Workers. ","@p_mbanugo","https://twitter.com/p_mbanugo",75,false,false
"Dropd","https://github.com/whizkydee/dropd","Zero-dependency minimalistic dropdown component for React and Vue. ","@mrolaolu","https://twitter.com/mrolaolu",73,false,false
"Naija State And Local Government","https://github.com/atomicman57/naija-state-local-government","A simple zero dependency npm package that lists Nigeria states and local governments. ","@blessingadesina3","https://twitter.com/blessingadesin3",73,false,false
"Newspaperjs","https://github.com/flickz/newspaperjs","Nodejs: News extraction, scraping and article parsing module. ","@flickzcode","https://twitter/flickzcode",73,false,false
"wtfoperamini","https://github.com/ireade/wtfoperamini","Development features not supported in Opera Mini, and some crowsourced workarounds for them. ","@ireaderinokun","https://twitter.com/ireaderinokun",71,false,false
"Product-Tour","https://github.com/Robophil/Product-Tour","A responsive tour snippet, with a step-by-step guide(onboarding). ","@robophil_","https://twitter.com/robophil_",67,true,false
"AppFramer","https://github.com/olucurious/AppFramer","AppFramer helps to put your app screenshots in beautiful device frames with annotations by running a simple command. ","@olucurious","https://twitter.com/olucurious",63,true,false
"Laravel Mentions","https://github.com/unicodeveloper/laravel-mentions","Laravel 5 Package for enabling facebook type of mentions in your application. ","@unicodeveloper","https://twitter.com/unicodeveloper",63,true,false
"StartEase Cli","https://github.com/JC-Coder/startease","StartEase is a command-line interface (CLI) tool designed to make project setup a breeze. Whether you're working with your favorite technologies or exploring new ones, StartEase is your companion for quickly and effortlessly scaffolding projects. ","@jc_coder1","https://twitter.com/jc_coder1",61,false,false
"Angular4-paystack","https://github.com/ashinzekene/angular4-paystack","This is an angular module that abstracts the complexity of making paystack payments with Angular2+. ","@ashinzekene","https://twitter.com/ashinzekene",59,false,false
"Client_manager","https://github.com/timigod/client_manager","API Client Manager is a mountable Rails (engine) gem that helps identify and authenticate your API clients' requests. ","@timigod","https://twitter.com/timigod",59,false,false
"DevOps-Toolkit","https://github.com/umegbewe/devops-toolkit","Easily and quickly setup your Cloud & DevOps development environment. ","@0xGreat","https://twitter.com/0xGreat",59,false,false
"saido","https://github.com/bisohns/saido","A yaml driven tool for easily monitoring metrics on multiple servers ","@bisohns","https://twitter.com/_deven96",58,false,false
"Signalum","https://github.com/bisohns/signalum","A Linux Library to explore creating an application that detects available connections at once from WiFi and Bluetooth. ","@_deven96@mensaah","https://twitter.com/_deven96",58,true,false
"generator-nestjs-app","https://github.com/ashinzekene/generator-nestjs-app","A yeoman generator for creating nestsjs apps. ","@ashinzekene","https://twitter.com/ashinzekene",57,true,false
"Shutdown","https://github.com/emmanuelkehinde/Shutdown","A lightweight android library that handles the closing of your app interactively. ","@emmakoko96","https://twitter.com/emmakoko96",57,false,false
"use-global-hook","https://github.com/devhammed/use-global-hook","Painless global state management for React using Hooks and Context API in 1KB! ","@devhammed","https://profile.codersrank.io/user/devhammed",57,false,false
"Netty-Finder","https://github.com/BolajiAyodeji/netty-finder","This script checks a Nigerian Telephone number and detects which network it belongs to. ","@iambolajiayo","https://twitter.com/iambolajiayo",55,false,false
"Laravel Crypto Payment Gateway","https://github.com/victorybiz/laravel-crypto-payment-gateway","GoUrl.io Crypto Payment Gateway for Laravel. ","@victoryosayi","https://twitter.com/victoryosayi",54,false,false
"Gophie-web","https://github.com/Go-phie/gophie-web","A web client for streaming/downloading movies without hassle built on Gophie. ","@GophieTeam","https://twitter.com/GophieTeam",53,false,false
"IntentManip","https://github.com/KingsMentor/IntentManip","Gives more control over implicit intents creation and the way it is presented to users. ","@Kingsmentor","https://twitter.com/kingsmentor",53,true,false
"reka","https://github.com/MeNsaaH/reka","A Cloud Resource management Tool to destroy, stop, resume, or clean up unsed resources. ","@iamMensaah","https://twitter.com/iamMensaah",53,false,false
"JSON Preview","https://github.com/ugwustanley/json-preview","A tool that allows you to convert your JSON file into visual interactive diagrams. ","@chiagozie_ugwu","https://twitter.com/chiagozie_ugwu",52,false,false
"Nimble","https://github.com/neoighodaro/nimble","Fast PHP framework made with very loose optional components. ","@neoighodaro","https://twitter.com/neoighodaro",52,false,false
"Mvrd","https://github.com/unicodeveloper/mvrd","
","@unicodeveloper","https://twitter.com/unicodeveloper",51,true,false
"Mythra","https://github.com/Go-phie/mythra","
","@deven96","https://twitter.com/_deven96",51,false,false
"Essential Kit","https://github.com/ichtrojan/essential-kit","A Boilerplate for NodeJS with all the essential tools. ","@ichtrojan","https://twitter.com/ichtrojan",50,true,false
"Waihona","https://github.com/bisohns/waihona","Rust crates for performing cloud storage actions across AWS, GCP and Azure. ","@deven96","https://twitter.com/_deven96",50,false,false
"Piggment","https://github.com/adenekan41/piggment","A curated collection of amazingly colored gradients for designers, developers and art makers over the world. ","@codewonders","https://twitter.com/code_wonders",48,false,false
"Lindaikeji CLI","https://github.com/unicodeveloper/lindaikeji-cli","Linda Ikeji for Hackers, HR Associates, HR Managers, Lazy People, e.t.c. ","@unicodeveloper","https://twitter.com/unicodeveloper",47,true,false
"OpenWriter","https://github.com/ireade/openwriter","A free theme for Ghost. ","@ireaderinokun","https://twitter.com/ireaderinokun",47,true,false
"Rationale","https://github.com/KingsMentor/Rationale","Android permission rationale helper dialog. ","@Kingsmentor","https://twitter.com/kingsmentor",47,true,false
"Google Dictionary","https://github.com/chizoba/google-dictionary","An android library that provides easy access to meanings of any word, phrase, or slang via Google, within any application. ","@its_tobie","https://twitter.com/its_tobie",46,false,false
"Naija Phone Number","https://github.com/Udokah/naija-phone-number","A fast minimal module to validate Nigerian mobile phone numbers using Regular Expressions. ","@thisisudo","https://twitter.com/thisisudo",46,true,false
"react-native-woocommerce-api","https://github.com/JamesUgbanu/react-native-woocommerce-api","A wrappper that connects react Native to the WooCommerce API. ","james ugbanu","https://linkedin.com/in/james-ugbanu",45,false,false
"Money-To-Words-Converter","https://github.com/TNkemdilim/Money-To-Words-Converter","
","@TNkemdilim","https://twitter.com/tnkemdilim",43,false,false
"testkit","https://github.com/apitoolkit/testkit","A DSL for testing. Starting with APIs. ","@tonialaribe","https://twitter.com/tonialaribe",43,false,false
"Vue Transitions CSS","https://github.com/Edmund1645/vue-transitions-css","A lightweight CSS library for adding transitions to Vue components. ","@26th_edmund","https://twitter.com/26th_edmund",43,false,false
"APX","https://github.com/othreecodes/APX","A Javafx Library for building MVC Applications. ","@othreecodes","https://twitter.com/othreecodes",42,true,false
"chocotea","https://github.com/cleopatra27/chocotea","A library that generates postman collection an integration tests from java code. ","@succedor23","https://twitter.com/succedor23",42,false,false
"Laravel Telephone Input","https://github.com/victorybiz/laravel-tel-input","Laravel Telephone Input component for Blade and Livewire based on the intl-tel-input JavaScript plugin. ","@victoryosayi","https://twitter.com/victoryosayi",42,false,false
"Cogent PHP","https://github.com/wilforlan/CogentPHP","A Simple PHP MVC Framework for Fast and Minimal Applications. ","@wilforlan","https://twitter.com/wilforlan",41,false,false
"helpers","https://github.com/whizkydee/helpers","Super-handy JavaScript utility functions for front-end development. ","@mrolaolu","https://twitter.com/mrolaolu",40,false,false
"inspireNuggets","https://github.com/BolajiAyodeji/inspireNuggets","inspireNuggets is a Chrome Browser (Web) Extension that displays random inspiring techie quotes for developers/designers. ","@iambolajiayo","https://twitter.com/iambolajiayo",40,false,false
"Laravel-Spam-Email","https://github.com/hendurhance/laravel-spam-email","This package is a Laravel package that checks if an email address is a spammer. It verifies your signups and forms submissions to confirm that they are legitimate. ","@hendurhance","https://twitter.com/hendurhance",40,false,false
"LocalGoogle","https://github.com/kodejuice/localgoogle","A search engine built for offline websites on your local machine. ","@KodeJuice","https://twitter.com/kodejuice",40,false,false
"PageCarton","https://github.com/pagecarton/pagecarton","PageCarton - a fully functional software suite and framework + CMS tool for anyone to build a secure web site and app easily. ","@AyoolaFalola","https://twitter.com/AyoolaFalola",40,false,false
"P-integrate","https://github.com/TaslimOseni/p-integrate","This is a demo app that guides Android developers on how to integrate any of several popular payment platforms into their apps. ","@taslimOseni","https://twitter.com/taslimOseni",39,true,false
"Slackword","https://github.com/larikraun/slackword","Dictionary in your slack....additionally, you can get random words. ","@_larikraun","https://twitter.com/_larikraun",39,true,false
"Adonis Stripe","https://github.com/mezielabs/adonis-stripe","This package makes it seamless to work with Stripe in AdonisJS 5 applications. ","@ammezie","https://twitter.com/ammezie",38,false,false
"csv49","https://github.com/stigwue/csv49","Comma Separated Values For Nigeria. ","@stigwue","https://github.com/stigwue",38,false,false
"Laravel-SMS","https://github.com/djunehor/laravel-sms","Laravel SMS allows you to send SMS from your Laravel application using one of over 10 SMS providers, or your custom SMS provider. ","@djunehor","https://twitter.com/djunehor",37,false,false
"PyDialogflow Fulfillment","https://github.com/Emmarex/dialogflow-fulfillment-python","This library makes creating fulfillment for Dialogflow v2 agents easily with Python Backend. ( ","@emmarex","https://twitter.com/_emmarex_",37,false,false
"River","https://github.com/abiosoft/river","Lightweight REST framework for Go. ","@abiosoft","https://twitter.com/abiosoft",37,true,false
"expo-push-notification-helper","https://github.com/just1and0/expo-push-notification-helper","This library makes it easy to use push notification in react native using expo. ","@just1and0","https://twitter.com/just1and0",36,false,false
"Signalum Desktop","https://github.com/bisohns/signalum-desktop","A Desktop application for the signalum python library. ","@_deven96@mensaah","https://twitter.com/_deven96",36,true,false
"Adonis Queue","https://github.com/stitchng/adonis-queue","An addon/plugin package to provide driver-based job queueing services in AdonisJS 4.0+. ","@isocroft","https://twitter.com/isocroft",34,false,false
"Stickynotes","https://github.com/Kolaposki/Stickynotes","A functional note taking web application with alluring user interface. ","@Kolaposki","https://twitter.com/KolapoOshodi",34,false,false
"folabelle","https://github.com/BolajiOlajide/folabelle","A VSCode theme - Cross breed of Monokai + Palenight ","@Bolaji___","https://twitter.com/Bolaji___",33,true,false
"Jusibe PHP Library","https://github.com/unicodeveloper/jusibe-php-lib","A library for ","@unicodeveloper","https://twitter.com/unicodeveloper",33,false,false
"Suphle","https://github.com/nmeri17/suphle","A PHP framework for building logic heavy full stack applications to be actively maintained over time. **by ","",,33,false,false
"type-reverse","https://github.com/whizkydee/type-reverse","ü¶Ñ Lightweight reverse utility around strings, arrays, numbers and more. ","@mrolaolu","https://twitter.com/mrolaolu",33,false,false
"Jollof","https://github.com/isocroft/Jollof","A lightweight PHP framework for developers who love smart work. ","@isocroft","https://twitter.com/isocroft",32,false,false
"Paystack Ruby","https://github.com/IkoroVictor/paystack-ruby","Ruby Gem for Paystack. ","@IkoroVictor","https://twitter.com/IkoroVictor",32,false,false
"Faker.ng","https://github.com/binkabir/faker.ng","a library for generating Nigerian fake data such as names, addresses, and phone numbers. ","@binkabir","https://github.com/binkabir",31,true,false
"Laravel-Slack","https://github.com/goodnesskay/laravel-slack","A Laravel Package that makes Automatic Invitation to Slack Channels or team seamless. ","@goodnesskay","https://twitter.com/goodnesskayode",31,true,false
"SlidingUpMenu","https://github.com/r4sh33d/SlidingUpMenu","üöÄA very customizable Android library that allows you to present menu items (from menu resource and/or other sources) to users as a bottom sheet. ","@srasheed","https://twitter.com/srasheed_",31,false,false
"Goignore","https://github.com/hacktivist123/goignore","A lightweight CLI tool for generating .gitignore file in your project. ","@coder_blvck","https://twitter.com/coder_blvck",29,false,false
"KhaledBot","https://github.com/ireade/khaledbot","Delivering Major Keys to your Slack Team. ","@ireaderinokun","https://twitter.com/ireaderinokun",29,true,false
"Omnipay 2Checkout","https://github.com/collizo4sky/omnipay-2checkout","2Checkout driver for the Omnipay PHP payment processing library. ","@w3guy","https://twitter.com/w3guy",29,true,false
"TwittaSave","https://github.com/emmanuelkehinde/TwittaSave-Web","Web, Android and Chrome Extension that enables you to download videos and gifs from tweets to your device easily; built using Twitter API. ","@emmakoko96","https://twitter.com/emmakoko96",29,false,false
"Adonis Hexa","https://github.com/creatrixity/adonis-hexa","An opinionated software development framework for maintaining a scalable Adonis application. ","@creatrixity","https://twitter.com/creatrixity",27,true,false
"AnimatedCountTextView","https://github.com/r4sh33d/AnimatedCountTextView","A library that helps you animate change in numeric values in an Android TextView. ","@srasheed","https://twitter.com/srasheed_",27,true,false
"Lib-ussd","https://github.com/hextremelabs/lib-ussd","A lightweight USSD application framework. ","@hextremelabs","https://twitter.com/hextremelabs",27,false,false
"Random48LawsOfPower","https://github.com/acekyd/Random48LawsOfPower","Chrome extension that shows a random law from the popular '48 Laws of Power' Book. ","@acekyd","https://twitter.com/Ace_KYD",26,true,false
"Simple-DB","https://github.com/shalvah/simple-db","Get your Android app's SQLite database set up in five minutes! ","@theshalvah","https://twitter.com/theshalvah",26,true,false
"Broad-state","https://github.com/adenekan41/broadstate","Easy state manager for state values from one component to the other with useState and React Hooks in < 1KB! ","@codewonders","https://twitter.com/code_wonders",25,true,false
"Busser","https://github.com/codesplinta/busser","A robust, opinionated, state management option for scalable and precise communication across ReactJS Components. ","@isocroft","https://twitter.com/isocroft",25,false,false
"Nigerian states api","https://github.com/seyi-adeleke/Nigerian-states-api","An api for basic information about all 36 states in Nigeria. ","@seyi__adeleke","https://twitter.com/seyi__adeleke",25,false,false
"Adonis Auth Scaffold","https://github.com/creatrixity/adonis-auth-scaffold","Seamlessly scaffold a ready-to-use authentication system for your Adonis app with one neat command. ","@creatrixity","https://twitter.com/creatrixity",24,true,false
"Githint Bot","https://github.com/Chieze-Franklin/githint-bot","A GitHub bot that ensures that your pull requests follow specified conventions. ","@franklin_chieze","https://twitter.com/franklin_chieze",24,false,false
"Jusibe JavaScript Library","https://github.com/azemoh/jusibe","A JavaScript library for ","@azemoh","https://twitter.com/josh_azemoh",24,false,false
"Laravel Wikipedia","https://github.com/unicodeveloper/laravel-wikipedia","A Wikipedia Package for Laravel 5. ","@unicodeveloper","https://twitter.com/unicodeveloper",24,true,false
"Ngyn.rs","https://github.com/ngyn-rs/ngyn","An opinionated rust framework for building scalable web servers. ","@iamelcharitas","https://twitter.com/iamelcharitas",24,false,false
"Pentecost","https://github.com/knightbenax/Pentecost","Payment Android UI Library for PayStack. ","@knightbenax","https://twitter.com/knightbenax",24,false,false
"Atom Material Palenight Syntax","https://github.com/whizkydee/atom-material-palenight-syntax","üçπüç© An elegant and juicy material-like theme for Atom. ","@mrolaolu","https://twitter.com/mrolaolu",23,true,false
"Laravel Email Validator","https://github.com/unicodeveloper/laravel-email-validator","Validate email addresses on the fly in Laravel 5. ","@unicodeveloper","https://twitter.com/unicodeveloper",23,true,false
"React Native okra webview","https://github.com/just1and0/React-Native-Okra-Webview","React Native okra sdk. ","@just1and0","https://twitter.com/just1and0",23,false,false
"UseFormBee","https://github.com/Eazybee/useFormBee","useFormBee is a lightweight library that helps me manage and abstract react form logic. ","@Eazybee","https://github.com/Eazybee",23,false,false
"Amazon Pay v2 Ruby SDK","https://github.com/bytenaija/amazon-pay-sdk-ruby","An SDk that makes it easy to integrate amazon pay checkout and instore v2 clients in your ruby/ruby on rails projects. ","@bytenaija","https://twitter.com/bytenaija",22,false,false
"Browsengine","https://github.com/isocroft/browsengine","Rendering Engine Detection Script for Browsers on Any Device. ","@isocroft","https://twitter.com/isocroft",22,false,false
"Dot Music Player","https://github.com/r4sh33d/musicslam","üéß A light, feature-packed and very customisable material designed Android music player. ","@srasheed","https://twitter.com/srasheed_",22,false,false
"GitProfile Manager","https://github.com/MeNsaaH/git-profile-manager","A git extension to allow you manage multiple git profiles on your workstation with ease. ","@iamMensaah","https://twitter.com/iamMensaah",22,false,true
"Gbowo","https://github.com/adelowo/gbowo","The easiest way to accept payments via Paystack and Amplifypay. ","@Adelowo","https://twitter.com/lanreadelowo",22,true,false
"GeoIP Location","https://github.com/victorybiz/geoip-location","Get the geographical location of website visitors based on their IP addresses. Support Laravel and PHP (Non-Laravel) Project. ","@victoryosayi","https://twitter.com/victoryosayi",22,false,false
"Laravel Feeder","https://github.com/unicodeveloper/laravel-feeder","Laravel 5 Package to extract atom and RSS feeds from any website in a very good readable format. ","@unicodeveloper","https://twitter.com/unicodeveloper",22,true,false
"Multi-tenant Employee Management System","https://github.com/Timtech4u/employee-manager","
","@timtech4u","https://twitter.com/timtech4u",22,true,false
"DuplicateContactsRemover","https://github.com/r4sh33d/DuplicateContactsRemover","üìíA simple app to optimize your address book and remove duplicate contacts. ","@srasheed","https://twitter.com/srasheed_",21,false,false
"Notes","https://github.com/rubbieKelvin/notes","Distraction free notes app, minimal at its core. Create and share notes with ease. ","@rubbiekelvin","https://twitter.com/KelvinRubbie",21,false,false
"Unitcss","https://github.com/adenekan41/unitcss","A cli tool to convert css units in your file, helps you swiftly convert units / mesurements in your file or folder. ","@codewonders","https://twitter.com/code_wonders",21,false,false
"URISanity","https://github.com/codesplinta/URISanity","sanitize uris in web and web-like applications with confidence. ","@isocroft","https://twitter.com/isocroft",21,false,false
"web-crawljs","https://github.com/kayslay/web-crawljs","A web crawler package for Nodejs that makes it easy to crawl web pages. ","@Kayslaycode","https://twitter.com/Kayslaycode",21,false,false
"react-hooks-paginator","https://github.com/codenaz/react-paginator","A simple paginator interface for react. ","@codenaz","https://twitter.com/codenaz",20,false,false
"Radixx","https://github.com/isocroft/Radixx","a simple library that implements the Facebook Flux Architecture with a twist to how the entire application state is managed and changed/updated. ","@isocroft","https://twitter.com/isocroft",19,false,false
"sailboat","https://github.com/sailscastshq/sailboat","Sailboat is a VS Code extension that enhances the Sails.js development experience by providing Visual Studio Code users with advanced features such as Commands to quicly access the Sails docs, Jump to Action, and Commands to lift Sails. **By ","",,18,false,false
"Stargazer","https://github.com/kaf-lamed-beyt/stargazer","Get notified when someone stars or ""unstars"" your OSS project. ","@kafLamed","https://twitter.com/kafLamed",18,false,false
"StudyLog","https://github.com/codehakase/studyLog","A tiny web application for Logging streaks and events. ","@codehakase","https://twitter.com/codehakase",18,true,false
"wasmo","https://github.com/appcypher/wasmo","A WebAssembly Compiler and Runtime. ","@theappcypher","https://twitter.com/theappcypher",18,false,false
"adonis-sse","https://github.com/stitchng/adonis-sse","An addon/plugin package to provide server-sent events functionality for AdonisJS 4.0+. ","@isocroft","https://twitter.com/isocroft",17,false,false
"Favico-generator","https://github.com/Youngestdev/favico-generator","A npm module for generating favicons from image. ","@kvng_zeez","http://twitter.com/kvng_zeez",17,true,false
"flair","https://github.com/mezielabs/flair","AdonisJS 5 authentication scaffolding. ","@ammezie","https://twitter.com/ammezie",17,false,false
"ImageQ","https://github.com/bisohns/imageq","Reverse Image search engine powered by Django and Keras. ","@_deven96@mensaah","https://twitter.com/_deven96",17,false,false
"Urley","https://github.com/adenekan41/urley","A cross-platform library with a collection of handy utilities to work with URLs. ","@codewonders","https://twitter.com/code_wonders",17,false,false
"use-cookie","https://github.com/devhammed/use-cookie","Get, Set, Update and Delete Cookie using React Hooks. ","@devhammed","https://profile.codersrank.io/user/devhammed",17,false,false
"WhatsBot","https://github.com/Yusadolat/DicoBot","WhatsApp DicoBot is a dictionary bot that enhances your messaging experience. ","@yusadolat","https://twitter.com/yusadolat",17,false,false
"WhatsBot","https://github.com/Yusadolat/DicoBot","WhatsApp DicoBot is a dictionary bot that enhances your messaging experience. ","@yusadolat","https://twitter.com/yusadolat",17,false,false
"HUI.js","https://github.com/devHammed/HUI.js","Lightweight JavaScript UI Library. ","@devhammed","https://profile.codersrank.io/user/devhammed",16,true,false
"moneywave-nodejs","https://github.com/CodebyOmar/moneywave-nodejs","
","@codebyomar","https://twitter.com/codebyomar",16,false,true
"Button4Android","https://github.com/tdscientist/button4Android","Android button selector generator. ","@tdscientist","https://twitter.com/tdscientist",15,false,false
"Math Alarm Clock","https://github.com/t-regbs/MathAlarm","
","@t-regbs","https://twitter.com/timiaregbs",15,false,false
"MediumUnooficialSDK","https://github.com/KingsMentor/medium-android-sdk-unofficial","
","@kingsmentor","https://twitter.com/kingsmentor",15,true,false
"sms-nigeria-go","https://github.com/D-sense/sms-nigeria-go","A Go client for sending SMS to any Nigeria phone-number with ease. ","@D-sense","https://twitter.com/Delameh",15,true,false
"Angular-tag","https://github.com/theo4u/angular-tag","Tags input directive for AngularJS. ","@theo4me","https://twitter.com/theo4me",14,true,false
"Atom Aurelia snippets","https://github.com/unicodeveloper/atom-aurelia-snippets","A plugin for Atom Editor to autocomplete aurelia snippets when working with Aurelia. ","@unicodeveloper","https://twitter.com/unicodeveloper",14,true,false
"ci-toastr","https://github.com/joshuachinemezu/ci-toastr","Codeigniter package for integrating javascript toastr into your web applications. ","@joshuachinemezu","https://twitter.com/joshuachinemezu",14,false,false
"LaraCaptcha","https://github.com/hendurhance/laracaptcha","A Laravel package to seamlessly use hCapthca or reCaptcha v2 or v3 on your forms or RESTful APIs. ","@hendurhance","https://twitter.com/hendurhance",14,false,false
"Pymvrd","https://github.com/othreecodes/pymvrd","Motor Vehicle Registration Information Search Portal Library for python. ","@othreecodes","https://twitter.com/othreecodes",14,true,false
"Blink Alert","https://github.com/obayomi96/blinkalert","A Chrome Extension for 20-20-20 exercise of the eye. ","@martinsobayomi","https://twitter.com/martinsobayomi",13,false,false
"esgit ‚Äî easy-git","https://github.com/dillionmegida/esgit","CLI package with simplified aliases for git commands. ","Dillion Megida","https://twitter.com/iamdillion",13,false,false
"Laravel Payant","https://github.com/olaoluwa-98/laravel-payant","Laravel 5 Payant Package. ","@olaoluwa_98","https://twitter.com/olaoluwa_98",13,true,false
"NUBAN Validator/Generator","https://github.com/emyu01/nuban","Easily verify or generate valid account numbers for any Nigerian financial institution. ","@iemyu_","https://twitter.com/iemyu_",13,false,false
"Plugman","https://github.com/ayotycoon/plugman","A Postman like socket testing application. ","@ayotycoon","https://twitter.com/ayotycoon",13,false,false
"status-modal","https://github.com/kaf-lamed-beyt/status-modal","A react component that you can use to render current error or success messages from a particular API endpoint. ","@kafLamed","https://twitter.com/kafLamed",13,false,false
"Frontend-app-starter","https://github.com/D-sense/frontend-app-starter","A simple frontend app starter packed with Webpack, Twitter Bootstrap, and well-defined CSS media queries. Edit. ","@D-sense","https://twitter.com/Delameh",12,true,false
"ImgR","https://github.com/mykeels/ImgR","ImgR.NET aims at automating the process of serving Images dynamically based on the client device. ","@mykeels","https://twitter.com/mykeels",12,true,false
"Instaword","https://github.com/acekyd/instaword","InstaWord is a Chrome and Opera browser plugin that makes learning new words much easier. ","@acekyd","https://twitter.com/ace_kyd",12,true,false
"Cartie","https://github.com/LPMatrix/cartie","A clean shopping cart implementation for Laravel. ","@LPMatrix","https://twitter.com/WeirdMatrix",11,false,false
"Reuq","https://github.com/ifedapoolarewaju/reuq","Frontend Javascript framework. ","@ifedapolarewaju","https://twitter.com/ifedapolarewaju",11,true,false
"sails-hook-jsonwebtoken","https://github.com/Robophil/sails-hook-jsonwebtoken","A sails hook for easily working with jsonwebtoken ","@robophil_","https://twitter.com/robophil_",11,true,false
"Laravel SMTP Validator","https://github.com/samolabams/smtp-validator","Validate SMTP credentials without sending a test mail in Laravel 5. ","@samolabams","https://twitter.com/samolabams",10,true,false
"TinyPress","https://github.com/kehers/tinypress","Create and easily manage your blog on Github. ","@kehers","https://twitter.com/kehers",10,true,false
"Breadcrumb For Codeigniter","https://github.com/iamuchejude/Breadcrumb-for-Codeigniter","A Lightweight Library for generating Breadcrumb in Codeigniter. ","@iamuchejude","https://twitter.com/iamuchejude",9,true,false
"C# Permutation","https://github.com/Oziomajnr/C--Permutation","A library for permutating C# objects. ","@oziomajnr@mykeels","https://twitter.com/Oziomajnr",9,true,false
"MLog","https://github.com/mykeels/MLog","
","@mykeels","https://twitter.com/mykeels",9,true,false
"Modern-Mean-Stack","https://github.com/Mozartted/Modern-Mean-Stack","
","@mozartted","https://github.com/Mozartted",9,true,false
"React-Raise","https://github.com/andela-iamao/react-raise","A cli kit for creating react applications. ","@ash__amao","https://twitter.com/ash__amao",9,true,false
"TweetThreader","https://github.com/Udokah/tweet-threader","A tool to create threads on Twitter. ","@thisisudo","https://twitter.com/thisisudo",9,true,false
"Laravel Codepen","https://github.com/unicodeveloper/laravel-codepen","A Codepen Package for Laravel 5. ","@unicodeveloper","https://twitter.com/unicodeveloper",8,true,false
"Laravel Jusibe","https://github.com/unicodeveloper/laravel-jusibe","Laravel 5 package for Jusibe SMS Service. ","@unicodeveloper","https://twitter.com/unicodeveloper",8,true,false
"WAFEDA","https://github.com/adejumoridwan/WAFEDA","Simple Web App For Exploratory Data Analysis. ","@abuuAishaaa","https://twitter.com/abuuAishaaa",8,false,false
"dumb_password_rails","https://github.com/arinzeokeke/dumb_password_rails","Rails Password Validator. Validate your user passwords and prevent them from using vulnerable passwords. ","@arinzeokeke","https://www.github.com/arinzeokeke",7,true,false
"Linda ORM","https://github.com/solutionstack/Linda","A lightweight and fast Active-record based ORM for PHP. ","@solutionstack","https://github.com/solutionstack",7,true,false
"Angular2-Sails-starter-pack","https://github.com/Mozartted/Angular2-Sails-starter-pack","A starter pack for angular2 based projects using sails backend, integrating hot reload functionalities. ","@mozartted","https://twitter.com/mozartted",6,true,false
"Bloc Node","https://github.com/D-Lite/bloc-node","The first Bloc API wrapper üöÄüöÄüöÄ The Bloc-Node library provides convenient access to the Bloc API. ","@danielolabemiwo","https://twitter.com/danielolabemiwo",5,false,false
"No-CAPTCHA-reCAPTCHA","https://github.com/collizo4sky/No-CAPTCHA-reCAPTCHA","Protect WordPress login, registration and comment form from spam with the new No CAPTCHA reCAPTCHA. ","@w3guy","https://twitter.com/w3guy",3,true,false
"Suet","https://github.com/kehers/suet","Detailed analytics and reporting for your transactional Mailgun emails. ","@kehers","https://twitter.com/kehers",3,true,false
"Ijeawele","https://github.com/viclotana/Ijeawele","A Browser Extension that displays a random suggestion from the Dear Ijeawele book by Chimamanda Adichie. ","@viclotana","https://twitter.com/viclotana",2,true,false
"H.php","https://github.com/devHammed/H.php","The Minimalist PHP Framework! ","@devhammed","https://profile.codersrank.io/user/devhammed",,false,false
"MarkedIt","https://github.com/christiannwamba/markedit","
","@codebeast","https://twitter.com/codebeast",,true,false
"Nodestorage.js","https://github.com/iamuchejude/nodestorage.js","File system storage utility with ","@iamuchejude","https://twitter.com/iamuchejude",,false,false
"react-multi-state","https://github.com/whizkydee/react-multi-state","Declarative, simplified way to handle complex local state with hooks. ","@mrolaolu","https://twitter.com/mrolaolu",,false,false